{
    "space": {
        "i_baperga": [
            "truncnorm",
            [
                43.61021,
                2.78188
            ]
        ],
        "i_height": [
            "truncnorm",
            [
                1.586,
                0.09
            ]
        ],
        "i_leafPerBasal": [
            "truncnorm",
            [
                827.79,
                328.18
            ]
        ],
        "i_leafWidth": [
            "truncnorm",
            [
                0.03439,
                0.00089
            ]
        ],
        "i_cr": [
            "uniform",
            [
                10.9202863,
                12.3192219
            ]
        ],
        "i_br": [
            "uniform",
            [
                2.51387228,
                2.79282904
            ]
        ],
        "i_cs": [
            "uniform",
            [
                10.9202863,
                12.3192219
            ]
        ],
        "i_bs": [
            "uniform",
            [
                2.51387228,
                2.79282904
            ]
        ],
        "i_cl": [
            "uniform",
            [
                10.9202863,
                12.3192219
            ]
        ],
        "i_bl": [
            "uniform",
            [
                2.51387228,
                2.79282904
            ]
        ],
        "i_vmax25": [
            "truncnorm",
            [
                93.877834,
                3.85
            ]
        ],
        "i_jmax25": [
            "truncnorm",
            [
                156.78,
                6.43
            ]
        ]
    },
    "parameters": {
        "i_leafAreaIndex": 1.5728953091043296,
        "i_rootBeta": 0.9778463022331645,
        "i_fieldCapFrac": 0.29950813581046,
        "i_fieldCapPercInit": 35.24273984214746,
        "i_kmaxTree": 243.43005827964475
    },
    "outputs": [
        "P-PD",
        "P-MD",
        "GW",
        "E-MD",
        "leaftemp"
    ],
    "num_worker": 32,
    "num_samples": 2048,
    "population": 1
}