{
    "GW.a": {
        "scores": {
            "GW.a": 0.13871132407570197,
            "GW.b": 0.7191977195573124,
            "GW.c": 925.8335973820721
        },
        "parameters": {
            "i_leafAreaIndex": 0.8975033902320693,
            "i_rootBeta": 0.9331803578078312,
            "i_fieldCapFrac": 0.4659289118154072,
            "i_fieldCapPercInit": 88.18759451990087,
            "i_kmaxTree": 170.8328533435643
        }
    },
    "GW.b": {
        "scores": {
            "GW.a": 0.15510127437574667,
            "GW.b": 0.739428297015141,
            "GW.c": 859.1313317331967
        },
        "parameters": {
            "i_leafAreaIndex": 1.1126701640208343,
            "i_rootBeta": 0.9290870201411291,
            "i_fieldCapFrac": 0.5056628050375485,
            "i_fieldCapPercInit": 62.04432214685088,
            "i_kmaxTree": 160.68752887562184
        }
    },
    "GW.c": {
        "scores": {
            "GW.a": 0.15510127437574667,
            "GW.b": 0.739428297015141,
            "GW.c": 859.1313317331967
        },
        "parameters": {
            "i_leafAreaIndex": 1.1126701640208343,
            "i_rootBeta": 0.9290870201411291,
            "i_fieldCapFrac": 0.5056628050375485,
            "i_fieldCapPercInit": 62.04432214685088,
            "i_kmaxTree": 160.68752887562184
        }
    }
}