{"leaftemp.a": {"scores": {"leaftemp.a": 0.9587856267356021, "leaftemp.b": 0.02224349246820388, "leaftemp.c": 0.9206892062195163, "leaftemp.d": 0.960542904763807}, "parameters": {"i_leafAreaIndex": 3.488851307749693, "i_rootBeta": 0.9423033420714362, "i_fieldCapFrac": 0.041288284815642846, "i_fieldCapPercInit": 69.18005007181557, "i_kmaxTree": 157.47912287064247}}, "leaftemp.b": {"scores": {"leaftemp.a": 0.9587494899588694, "leaftemp.b": 0.022201122049121537, "leaftemp.c": 0.921496466833959, "leaftemp.d": 0.9604110270381662}, "parameters": {"i_leafAreaIndex": 3.5120431611531537, "i_rootBeta": 0.9452463604655325, "i_fieldCapFrac": 0.04152451582917058, "i_fieldCapPercInit": 73.89629771330374, "i_kmaxTree": 160.1335880609818}}, "leaftemp.c": {"scores": {"leaftemp.a": 0.9587856267356021, "leaftemp.b": 0.02224349246820388, "leaftemp.c": 0.9206892062195163, "leaftemp.d": 0.960542904763807}, "parameters": {"i_leafAreaIndex": 3.488851307749693, "i_rootBeta": 0.9423033420714362, "i_fieldCapFrac": 0.041288284815642846, "i_fieldCapPercInit": 69.18005007181557, "i_kmaxTree": 157.47912287064247}}, "leaftemp.d": {"scores": {"leaftemp.a": 0.9578137619066653, "leaftemp.b": 0.02253651559019291, "leaftemp.c": 0.9423997258036964, "leaftemp.d": 0.9606280013020416}, "parameters": {"i_leafAreaIndex": 2.1933495340579485, "i_rootBeta": 0.9374017004871155, "i_fieldCapFrac": 0.04454808121503222, "i_fieldCapPercInit": 63.27435081211294, "i_kmaxTree": 157.79810509783377}}}