{"P-PD.a": {"scores": {"P-PD.a": 0.0894435314706531, "P-PD.b": 0.003991376474189546, "P-MD.a": 0.0883240369024701, "P-MD.b": 0.04245167097134907}, "parameters": {"i_leafAreaIndex": 2.625039004129456, "i_rootBeta": 0.9706109722990286, "i_fieldCapFrac": 0.04491680682004949, "i_fieldCapPercInit": 86.97512674318273, "i_kmaxTree": 6.426415289362495}}, "P-PD.b": {"scores": {"P-PD.a": 0.09608729230974647, "P-PD.b": 0.003357977014330303, "P-MD.a": 0.07576003123607405, "P-MD.b": 0.03352331752732236}, "parameters": {"i_leafAreaIndex": 3.602443301502841, "i_rootBeta": 0.9186105432665658, "i_fieldCapFrac": 0.04286277552811758, "i_fieldCapPercInit": 81.52516938547053, "i_kmaxTree": 4.575321872663579}}, "P-MD.a": {"scores": {"P-PD.a": 0.20289937887552853, "P-PD.b": 0.015904620675051134, "P-MD.a": 0.007724616191599487, "P-MD.b": 0.0005268093186321601}, "parameters": {"i_leafAreaIndex": 2.614478865442787, "i_rootBeta": 0.919836427193704, "i_fieldCapFrac": 0.04927966044086, "i_fieldCapPercInit": 82.26755722542585, "i_kmaxTree": 88.97875714084569}}, "P-MD.b": {"scores": {"P-PD.a": 0.18727506751487233, "P-PD.b": 0.013934645455855245, "P-MD.a": 0.008115953490762457, "P-MD.b": 0.0003243279172394668}, "parameters": {"i_leafAreaIndex": 2.682827783103936, "i_rootBeta": 0.9522329818182909, "i_fieldCapFrac": 0.04759805169900705, "i_fieldCapPercInit": 50.52064877177586, "i_kmaxTree": 115.20894447728685}}}