{
    "space": {
        "i_baperga": [
            "truncnorm",
            [
                33.93854,
                2.11462
            ]
        ],
        "i_height": [
            "truncnorm",
            [
                1.701333,
                0.05
            ]
        ],
        "i_leafWidth": [
            "truncnorm",
            [
                0.03203,
                0.00097
            ]
        ],
        "i_cr": [
            "uniform",
            [
                11.3734357,
                12.9745481
            ]
        ],
        "i_br": [
            "uniform",
            [
                2.63764525,
                2.97832435
            ]
        ],
        "i_cs": [
            "uniform",
            [
                11.3734357,
                12.9745481
            ]
        ],
        "i_bs": [
            "uniform",
            [
                2.63764525,
                2.97832435
            ]
        ],
        "i_cl": [
            "uniform",
            [
                11.3734357,
                12.9745481
            ]
        ],
        "i_bl": [
            "uniform",
            [
                2.63764525,
                2.97832435
            ]
        ],
        "i_vmax25": [
            "truncnorm",
            [
                59.280041,
                5.81
            ]
        ],
        "i_jmax25": [
            "truncnorm",
            [
                99.0,
                9.7
            ]
        ]
    },
    "parameters": {
        "i_leafAreaIndex": 0.939199587476589,
        "i_rootBeta": 0.9146376644151758,
        "i_fieldCapFrac": 0.10285790257129641,
        "i_fieldCapPercInit": 54.2678414462017,
        "i_kmaxTree": 180.29237628810273
    },
    "outputs": [
        "P-PD",
        "P-MD",
        "GW",
        "E-MD",
        "leaftemp"
    ],
    "num_worker": 32,
    "num_samples": 4096,
    "population": 4
}