treatment,leaftemp_avg,leaftemp_stderr
Pre-water stress,36.534297520661156,0.08802271648609843
Water stress,45.643166666666666,0.14414284579469308
Post-water stress,36.22653703703704,0.1325831946814029
