treatment,leaf-air_avg,leaf-air_stderr
Pre-water stress,-3.009645723140495,0.0635964245658117
Water stress,2.992955166666666,0.12775191872756847
Post-water stress,-0.326666212962963,0.07995391481546939
