treatment,leaf-air_avg,leaf-air_stderr
Pre-water stress,-1.0512910901960781,0.04528755682521712
Water stress,2.0614134999999996,0.16853993876996437
Post-water stress,0.05556289210233597,0.06839273629668453
