treatment,leaftemp_avg,leaftemp_stderr
Pre-water stress,38.45126274509804,0.09533885525264203
Water stress,44.711625000000005,0.1871569164624086
Post-water stress,36.70308120133482,0.12621015254031878
