treatment,leaf-air_avg,leaf-air_stderr
Pre-water stress,-3.645665006887052,0.06240426130832959
Water stress,3.4178996111111113,0.14601012675914643
Post-water stress,0.2094356388888889,0.07656751373985053
