treatment,leaftemp_avg,leaftemp_stderr
Pre-water stress,35.8982782369146,0.09044263382115704
Water stress,46.068111111111115,0.17462487575040248
Post-water stress,36.76263888888889,0.13688202758264875
