treatment,leaf-air_avg,leaf-air_stderr
Pre-water stress,-2.3668160854341735,0.0782698355931273
Water stress,2.4730107222222224,0.13296457782615204
Post-water stress,-0.4882310277777778,0.09174025128116386
