treatment,leaftemp_avg,leaftemp_stderr
Pre-water stress,37.113347338935576,0.10779022358084897
Water stress,45.123222222222225,0.15640039687844162
Post-water stress,36.064972222222224,0.1367508907824363
