{"GW.a": {"scores": {"GW.a": 0.21629983955927792, "GW.b": 0.4254859935370966, "GW.c": 4705.669850310502}, "parameters": {"i_leafAreaIndex": 0.9338354743126214, "i_rootBeta": 0.9778868396003949, "i_fieldCapFrac": 0.25212834227547753, "i_fieldCapPercInit": 49.738489545675634, "i_kmaxTree": 250.85214733009954}}, "GW.b": {"scores": {"GW.a": 0.21953125017828434, "GW.b": 0.4366260104639885, "GW.c": 4614.425352882902}, "parameters": {"i_leafAreaIndex": 0.006495883356962828, "i_rootBeta": 0.9823667813345509, "i_fieldCapFrac": 0.2392343018626257, "i_fieldCapPercInit": 91.17886297080454, "i_kmaxTree": 264.0102816804422}}, "GW.c": {"scores": {"GW.a": 0.21953125017828434, "GW.b": 0.4366260104639885, "GW.c": 4614.425352882902}, "parameters": {"i_leafAreaIndex": 0.006495883356962828, "i_rootBeta": 0.9823667813345509, "i_fieldCapFrac": 0.2392343018626257, "i_fieldCapPercInit": 91.17886297080454, "i_kmaxTree": 264.0102816804422}}}