{"leaftemp.a": {"scores": {"leaftemp.a": 0.8755208512480929, "leaftemp.b": 0.034931370375939644, "leaftemp.c": 2.058748167832045, "leaftemp.d": 0.9070040325667895}, "parameters": {"i_leafAreaIndex": 1.6256573673434829, "i_rootBeta": 0.9854092572158294, "i_fieldCapFrac": 0.29529300377602125, "i_fieldCapPercInit": 34.48777552196337, "i_kmaxTree": 301.59008069407474}}, "leaftemp.b": {"scores": {"leaftemp.a": 0.8725992182090969, "leaftemp.b": 0.03476277182777395, "leaftemp.c": 2.1070687639031056, "leaftemp.d": 0.9036218015011058}, "parameters": {"i_leafAreaIndex": 2.5357181637554063, "i_rootBeta": 0.984294872272951, "i_fieldCapFrac": 0.35267831687299694, "i_fieldCapPercInit": 24.620087106339838, "i_kmaxTree": 310.87939595468424}}, "leaftemp.c": {"scores": {"leaftemp.a": 0.8755208512480929, "leaftemp.b": 0.034931370375939644, "leaftemp.c": 2.058748167832045, "leaftemp.d": 0.9070040325667895}, "parameters": {"i_leafAreaIndex": 1.6256573673434829, "i_rootBeta": 0.9854092572158294, "i_fieldCapFrac": 0.29529300377602125, "i_fieldCapPercInit": 34.48777552196337, "i_kmaxTree": 301.59008069407474}}, "leaftemp.d": {"scores": {"leaftemp.a": 0.8755152241855926, "leaftemp.b": 0.03504923745204224, "leaftemp.c": 2.0588412332548796, "leaftemp.d": 0.9074462911860297}, "parameters": {"i_leafAreaIndex": 1.6705402296558953, "i_rootBeta": 0.9863912881984035, "i_fieldCapFrac": 0.2818676477502165, "i_fieldCapPercInit": 31.591442866545385, "i_kmaxTree": 295.9275336078809}}}