{"P-PD.a": {"scores": {"P-PD.a": 0.18063276328729844, "P-PD.b": 0.0106825827558971, "P-MD.a": 0.06737458436785965, "P-MD.b": 0.02403359508905953}, "parameters": {"i_leafAreaIndex": 4.525617620041588, "i_rootBeta": 0.9999690149271805, "i_fieldCapFrac": 0.15503159933685962, "i_fieldCapPercInit": 36.58615226338972, "i_kmaxTree": 417.44497439312426}}, "P-PD.b": {"scores": {"P-PD.a": 0.1836432895116455, "P-PD.b": 0.010076662428649883, "P-MD.a": 0.0728012635562201, "P-MD.b": 0.026480771520801433}, "parameters": {"i_leafAreaIndex": 0.5344923634050431, "i_rootBeta": 0.9999514123523062, "i_fieldCapFrac": 0.1488174277477864, "i_fieldCapPercInit": 37.147448820731555, "i_kmaxTree": 304.7666316433073}}, "P-MD.a": {"scores": {"P-PD.a": 0.8137056123503401, "P-PD.b": 0.1780806639250291, "P-MD.a": 0.01611817807445556, "P-MD.b": 0.0023137074605774875}, "parameters": {"i_leafAreaIndex": 0.05209202150832448, "i_rootBeta": 0.9485508176547178, "i_fieldCapFrac": 0.1043837395040632, "i_fieldCapPercInit": 35.55468258912571, "i_kmaxTree": 214.3546569846151}}, "P-MD.b": {"scores": {"P-PD.a": 0.8137056123503401, "P-PD.b": 0.1780806639250291, "P-MD.a": 0.01611817807445556, "P-MD.b": 0.0023137074605774875}, "parameters": {"i_leafAreaIndex": 0.05209202150832448, "i_rootBeta": 0.9485508176547178, "i_fieldCapFrac": 0.1043837395040632, "i_fieldCapPercInit": 35.55468258912571, "i_kmaxTree": 214.3546569846151}}}