{
    "GW.a": {
        "scores": {
            "GW.a": 0.2000996378827681,
            "GW.b": 0.4298084007228481,
            "GW.c": 3428.75545937131
        },
        "parameters": {
            "i_leafAreaIndex": 3.2908737524352922,
            "i_rootBeta": 0.9954680148359396,
            "i_fieldCapFrac": 0.0801971782765476,
            "i_fieldCapPercInit": 86.87494242966929,
            "i_kmaxTree": 249.6895544149869
        }
    },
    "GW.b": {
        "scores": {
            "GW.a": 0.2022701116063147,
            "GW.b": 0.4842978548914143,
            "GW.c": 3101.091892080096
        },
        "parameters": {
            "i_leafAreaIndex": 0.47467821439781277,
            "i_rootBeta": 0.9924255699127914,
            "i_fieldCapFrac": 0.12948907247740282,
            "i_fieldCapPercInit": 81.41423064957483,
            "i_kmaxTree": 236.7358608368728
        }
    },
    "GW.c": {
        "scores": {
            "GW.a": 0.2022701116063147,
            "GW.b": 0.4842978548914143,
            "GW.c": 3101.091892080096
        },
        "parameters": {
            "i_leafAreaIndex": 0.47467821439781277,
            "i_rootBeta": 0.9924255699127914,
            "i_fieldCapFrac": 0.12948907247740282,
            "i_fieldCapPercInit": 81.41423064957483,
            "i_kmaxTree": 236.7358608368728
        }
    }
}