{"leaftemp.a": {"scores": {"leaftemp.a": 0.9012060598242779, "leaftemp.b": 0.029800303145111427, "leaftemp.c": 1.7042730900589713, "leaftemp.d": 0.9220648893115175}, "parameters": {"i_leafAreaIndex": 1.5728953091043296, "i_rootBeta": 0.9778463022331645, "i_fieldCapFrac": 0.29950813581046, "i_fieldCapPercInit": 35.24273984214746, "i_kmaxTree": 243.43005827964475}}, "leaftemp.b": {"scores": {"leaftemp.a": 0.9004654772127131, "leaftemp.b": 0.029588553301084442, "leaftemp.c": 1.7170487219814414, "leaftemp.d": 0.9211800566466687}, "parameters": {"i_leafAreaIndex": 1.5460300976026997, "i_rootBeta": 0.9784198549862853, "i_fieldCapFrac": 0.2877250072214344, "i_fieldCapPercInit": 52.86982844873049, "i_kmaxTree": 253.68416198191395}}, "leaftemp.c": {"scores": {"leaftemp.a": 0.9012060598242779, "leaftemp.b": 0.029800303145111427, "leaftemp.c": 1.7042730900589713, "leaftemp.d": 0.9220648893115175}, "parameters": {"i_leafAreaIndex": 1.5728953091043296, "i_rootBeta": 0.9778463022331645, "i_fieldCapFrac": 0.29950813581046, "i_fieldCapPercInit": 35.24273984214746, "i_kmaxTree": 243.43005827964475}}, "leaftemp.d": {"scores": {"leaftemp.a": 0.9001561892223277, "leaftemp.b": 0.030094260487702494, "leaftemp.c": 1.722384182822002, "leaftemp.d": 0.9225102603794121}, "parameters": {"i_leafAreaIndex": 1.4881523955198217, "i_rootBeta": 0.953109453696983, "i_fieldCapFrac": 0.32940465567178734, "i_fieldCapPercInit": 47.377521618243776, "i_kmaxTree": 235.06976579195884}}}