{"P-PD.a": {"scores": {"P-PD.a": 0.19029229665004294, "P-PD.b": 0.014132549795829414, "P-MD.a": 0.10371546167810912, "P-MD.b": 0.09524366809264892}, "parameters": {"i_leafAreaIndex": 5.43194549568135, "i_rootBeta": 0.9998914348455977, "i_fieldCapFrac": 0.09396366589091525, "i_fieldCapPercInit": 50.10431747894647, "i_kmaxTree": 162.45508319571792}}, "P-PD.b": {"scores": {"P-PD.a": 0.20013464228717878, "P-PD.b": 0.01165718203048853, "P-MD.a": 0.09313379978518875, "P-MD.b": 0.10377353493409198}, "parameters": {"i_leafAreaIndex": 5.60447444794688, "i_rootBeta": 0.999537050994049, "i_fieldCapFrac": 0.0999955683094677, "i_fieldCapPercInit": 43.58150431632107, "i_kmaxTree": 167.50932195940544}}, "P-MD.a": {"scores": {"P-PD.a": 1.585612667327105, "P-PD.b": 0.7068739717359335, "P-MD.a": 0.040086041506950956, "P-MD.b": 0.009043409186814897}, "parameters": {"i_leafAreaIndex": 5.433844453314921, "i_rootBeta": 0.9997920888814493, "i_fieldCapFrac": 0.0546235263964285, "i_fieldCapPercInit": 45.998838725007474, "i_kmaxTree": 160.0653385406558}}, "P-MD.b": {"scores": {"P-PD.a": 1.585612667327105, "P-PD.b": 0.7068739717359335, "P-MD.a": 0.040086041506950956, "P-MD.b": 0.009043409186814897}, "parameters": {"i_leafAreaIndex": 5.433844453314921, "i_rootBeta": 0.9997920888814493, "i_fieldCapFrac": 0.0546235263964285, "i_fieldCapPercInit": 45.998838725007474, "i_kmaxTree": 160.0653385406558}}}