{"GW.a": {"scores": {"GW.a": 0.1080468806005537, "GW.b": 0.8346738690728238, "GW.c": 930.3150035369877}, "parameters": {"i_leafAreaIndex": 1.9907632916672537, "i_rootBeta": 0.998077924396072, "i_fieldCapFrac": 0.13401335481402127, "i_fieldCapPercInit": 42.79570862610801, "i_kmaxTree": 311.1598624337123}}, "GW.b": {"scores": {"GW.a": 0.11426940236398479, "GW.b": 0.8545171835901972, "GW.c": 818.6536883420688}, "parameters": {"i_leafAreaIndex": 1.810487897822873, "i_rootBeta": 0.9979136675774407, "i_fieldCapFrac": 0.11888439958255398, "i_fieldCapPercInit": 45.30954415561306, "i_kmaxTree": 303.9159907975068}}, "GW.c": {"scores": {"GW.a": 0.11426940236398479, "GW.b": 0.8545171835901972, "GW.c": 818.6536883420688}, "parameters": {"i_leafAreaIndex": 1.810487897822873, "i_rootBeta": 0.9979136675774407, "i_fieldCapFrac": 0.11888439958255398, "i_fieldCapPercInit": 45.30954415561306, "i_kmaxTree": 303.9159907975068}}}