{"leaftemp.a": {"scores": {"leaftemp.a": 0.9380216031618808, "leaftemp.b": 0.02580395478994944, "leaftemp.c": 1.2064269268252086, "leaftemp.d": 0.945689423101163}, "parameters": {"i_leafAreaIndex": 1.6695514682649268, "i_rootBeta": 0.9559826883013669, "i_fieldCapFrac": 0.16406101426491781, "i_fieldCapPercInit": 70.53896056429416, "i_kmaxTree": 194.65112691056544}}, "leaftemp.b": {"scores": {"leaftemp.a": 0.9376738956916402, "leaftemp.b": 0.025751601068334514, "leaftemp.c": 1.2131951505314829, "leaftemp.d": 0.9448370751820554}, "parameters": {"i_leafAreaIndex": 2.1428527875259507, "i_rootBeta": 0.9510081191654716, "i_fieldCapFrac": 0.15783373140353124, "i_fieldCapPercInit": 64.99707193255392, "i_kmaxTree": 195.14294767320087}}, "leaftemp.c": {"scores": {"leaftemp.a": 0.9380216031618808, "leaftemp.b": 0.02580395478994944, "leaftemp.c": 1.2064269268252086, "leaftemp.d": 0.945689423101163}, "parameters": {"i_leafAreaIndex": 1.6695514682649268, "i_rootBeta": 0.9559826883013669, "i_fieldCapFrac": 0.16406101426491781, "i_fieldCapPercInit": 70.53896056429416, "i_kmaxTree": 194.65112691056544}}, "leaftemp.d": {"scores": {"leaftemp.a": 0.9379137378121842, "leaftemp.b": 0.025874973315094526, "leaftemp.c": 1.2085265561958298, "leaftemp.d": 0.9457748901887761}, "parameters": {"i_leafAreaIndex": 1.4837601874440334, "i_rootBeta": 0.9497280285279358, "i_fieldCapFrac": 0.1929209161886212, "i_fieldCapPercInit": 80.79476068752065, "i_kmaxTree": 195.96648447838382}}}