{"P-PD.a": {"scores": {"P-PD.a": 0.09606324223694192, "P-PD.b": 0.004643122575787835, "P-MD.a": 0.07635154390436638, "P-MD.b": 0.028435703348320594}, "parameters": {"i_leafAreaIndex": 0.9306155837230503, "i_rootBeta": 0.9100929812839195, "i_fieldCapFrac": 0.04546833707448404, "i_fieldCapPercInit": 51.289901474625104, "i_kmaxTree": 43.607232151260405}}, "P-PD.b": {"scores": {"P-PD.a": 0.1104119858931103, "P-PD.b": 0.003938289320147147, "P-MD.a": 0.09593116727213609, "P-MD.b": 0.05465183480409564}, "parameters": {"i_leafAreaIndex": 1.488527742667396, "i_rootBeta": 0.9147091373941731, "i_fieldCapFrac": 0.04654176866901659, "i_fieldCapPercInit": 46.17631962671594, "i_kmaxTree": 0.9161205365423939}}, "P-MD.a": {"scores": {"P-PD.a": 0.7937771487483474, "P-PD.b": 0.16229335856208732, "P-MD.a": 0.03741696586764296, "P-MD.b": 0.016727682995654657}, "parameters": {"i_leafAreaIndex": 0.939199587476589, "i_rootBeta": 0.9146376644151758, "i_fieldCapFrac": 0.10285790257129641, "i_fieldCapPercInit": 54.2678414462017, "i_kmaxTree": 180.29237628810273}}, "P-MD.b": {"scores": {"P-PD.a": 0.7937771487483474, "P-PD.b": 0.16229335856208732, "P-MD.a": 0.03741696586764296, "P-MD.b": 0.016727682995654657}, "parameters": {"i_leafAreaIndex": 0.939199587476589, "i_rootBeta": 0.9146376644151758, "i_fieldCapFrac": 0.10285790257129641, "i_fieldCapPercInit": 54.2678414462017, "i_kmaxTree": 180.29237628810273}}}